ts	phase	decision	why	evidence	result
2026-08-24T14:18:47+02:00	frame	treat the rebuild as a high-rigor Omarchy 4 migration	current worktree has 40 changed or untracked entries and the installer can overwrite user configuration	docs/omarchy4-bootstrap-playbook.md	definition of done recorded
2026-08-24T14:18:47+02:00	design	use one public bootstrap with plan, apply, and audit	the reviewed architecture keeps choices inspectable and supports safe resume	docs/omarchy4-bootstrap-playbook.md	accepted design recorded
2026-08-24T14:18:47+02:00	safety	keep the active home and Omarchy package files read-only during implementation	isolated verification avoids changing the working desktop or packaged defaults	AGENTS.md	guardrail active
2026-08-24T14:31:00+02:00	vertical-slice	implemented deterministic plan, isolated apply, and read-only audit	every later feature now uses one tested execution path	tests/test_bootstrap.py	5 tests pass
2026-08-24T14:42:00+02:00	idempotence	changed target path validation to preserve final symlinks	the second apply rewrote 27 cursor symlinks because the old check resolved the final link	lib/bootstrap_core.py	second apply now reports zero changed files
2026-08-24T14:50:00+02:00	agent-skills	captured 83 user-owned skills into one canonical tree with three adapters	a generator preserves modes and hashes while excluding packaged skills and secret-like files	scripts/capture-user-skills.py	83 indexed skills and 249 adapter links generated
2026-08-24T15:02:00+02:00	verification	added one repeatable level 1 and level 2 verification command	static checks and a temporary-home run make the migration reviewable	scripts/verify-bootstrap.sh	verification passed
2026-08-24T14:35:48+02:00	audit-log	marked the four preceding checkpoint timestamps as invalid estimates	the checkpoints happened before this row but were logged with future clock values; their decisions and evidence remain accurate	.audit/omarchy4-bootstrap.tsv	use this row as their capture time
2026-08-24T14:47:48+02:00	omarchy-ownership	kept the notification clone and replaced the agents clone with upstream	the current Omarchy 4 notification plugin lacks the Google Calendar snooze command while omarchy.agents covers the old agents widget	docs/omarchy4-migration-map.md	unique notification behavior retained
2026-08-24T14:47:48+02:00	cutover	removed the manifest, Makefile, legacy scripts, and old home mirror	the replacement passed its complete temporary-home gate before the one-way cutover	scripts/verify-bootstrap.sh	legacy flow removed; recoverable from /tmp/dotfiles-legacy.SJ1v7i
2026-08-24T14:47:48+02:00	host-audit	verified plan and audit made no host or repository changes	the before and after snapshots covered planned files, packages, enabled user units, and git status	scripts/verify-read-only-host.sh	read-only check passed; audit correctly reports unapplied drift
2026-08-24T14:54:46+02:00	review	accepted four blockers and two medium portability findings from same-provider review	the review exposed invalid target enablement, malformed auth probes, an absolute launcher path, hidden scan gaps, a crash identifier, and optional-app preselection	lib/bootstrap_core.py; lib/bootstrap_cli.py; scripts/verify-bootstrap.sh	findings fixed with regression coverage; known-hardware session selection retained as an accepted product rule
2026-08-24T14:54:46+02:00	auth-boundary	changed rclone readiness checks from remote listing to local remote discovery	auth gating only needs to know that the named remote was configured and should not perform network I/O during audit	features/cloud.onedrive/feature.toml; features/cloud.google-drive/feature.toml	OneDrive and Google Drive units remain disabled until their local remote exists
2026-08-24T14:54:46+02:00	final-verification	ran the full gate, read-only host proof, and every-feature deterministic plan	the complete catalog must be conflict-free even when optional choices are combined	scripts/verify-bootstrap.sh; scripts/verify-read-only-host.sh	22 bootstrap tests, 8 Todoist tests, 7 QML tests, rclone checks, and host proof passed before final regression additions
2026-08-24T14:56:15+02:00	verification-correction	recorded the final regression count after the preceding evidence row	unit activation and every-feature coverage were added after the earlier count was captured	tests/test_bootstrap.py	24 bootstrap tests, 8 Todoist tests, and 7 QML tests pass
2026-08-24T14:56:15+02:00	version-policy	kept system packages and agent CLIs floating while pinning compatibility boundaries	the target is a freshly updated Omarchy 4 installation, not a historical Arch snapshot; themes and runtime majors affect configuration compatibility	README.md	floating-versus-pinned behavior documented explicitly
2026-08-24T14:56:15+02:00	final-review	accepted the same-provider review with no high-severity blockers	the reviewer reran 24 tests and confirmed all previous blockers fixed	lib; features; tests	ready for the stated migration contract; hardware coverage strengthened afterward
2026-08-24T14:58:00+02:00	delivery	closed the migration after the final hardware regressions passed	the known single-monitor NVIDIA profile and multiple-monitor fallback now have direct tests	tests/test_bootstrap.py	26 bootstrap tests, 8 Todoist tests, 7 QML tests, static checks, and temporary-home convergence pass
2026-08-27T12:13:08+02:00	parallel-platform-frame	treat the Omarchy and CachyOS extension as a high-rigor phased migration	the change replaces the catalog and executor while adding package, privilege, desktop, and cross-platform trust boundaries	docs/parallel-platform-extension-plan.md	definition of done and ten exit gates accepted
2026-08-27T12:13:08+02:00	baseline	preserve the current dirty worktree and capture its verification result before edits	existing SSH and T3 Code changes belong to the active work and must be corrected without discarding unrelated changes	scripts/verify-bootstrap.sh	30 bootstrap tests, 9 Todoist tests, 7 QML tests, and rclone checks pass
2026-08-27T12:13:08+02:00	workflow	sequence Phase 0 and schema 2 before moving source trees	a normalized Omarchy baseline is the proof that the one-wave path migration preserves behavior	docs/parallel-platform-extension-plan.md	first throughput checkpoint active
2026-08-27T12:20:57+02:00	phase-0-ssh	make SSH and its UFW rule separate visible opt-ins and pin approved key bytes in the plan	a default desktop must not expose a listening service and apply must write keys before enabling sshd	features/ssh-access/feature.toml; features/ssh-firewall/feature.toml; tests/test_bootstrap.py	regression failed before and passes after; ordered native apply covered
2026-08-27T12:20:57+02:00	phase-0-sources	reject duplicate owners and moving tool or Git references at catalog load	deterministic plans require one owner and exact versions before any action is built	lib/bootstrap_core.py; features; tests/test_bootstrap.py	all 11 tool selectors pinned and duplicate T3 Code package ownership removed
2026-08-27T12:20:57+02:00	phase-0-baseline	generate raw and semantic schema-1 snapshots with one normalizer	the semantic baseline ignores source paths while preserving targets, hashes, modes, and behavior across the planned tree move	scripts/refresh-schema1-snapshots.py; lib/bootstrap_normalize.py; tests/snapshots/schema1	21 snapshot files current; full verification passes
2026-08-27T12:20:57+02:00	phase-0-verification	add Lua parsing and catalog safety regressions to the required gate	the documented gate must prove every Hyprland Lua payload parses and unsafe catalog inputs fail	scripts/verify-bootstrap.sh; tests/test_bootstrap.py	37 bootstrap tests, 9 Todoist tests, 7 QML tests, Lua, shell, and rclone checks pass
2026-08-27T12:45:00+02:00	phase-1-domain	Schema 2 uses a closed action union, strict JSON parsing, and a host/platform fingerprint before any mutation.	Corrected parallel-platform plan Phase 1; schema/domain tests.	Accepted; 10 domain/platform tests pass and the current host is detected as Omarchy 4.
2026-08-27T12:45:01+02:00	phase-1-workspace	Workspace composition is common plus exactly one complete platform implementation; manifests reject unknown fields and unsafe installed symlinks.	Corrected catalog model and workspace-loader tests.	Accepted; loader, profile, ownership, purity, digest, and symlink tests pass.
2026-08-27T13:20:00+02:00	phase-2-layout	Replace features/profiles/payload with common, omarchy, and cachy ownership trees in one switch.	Schema-2 migration generator, 285-link inventory, and semantic parity verifier.	Accepted; 48 features and 6 profiles load for Omarchy, all symlinks survive, and old top-level trees are outside the active repo.
2026-08-27T13:20:01+02:00	phase-2-runtime	Switch bootstrap plan/apply/audit to schema 2 and remove the schema-1 loader and executor.	Strict plan parser, workspace digest, platform fingerprint, isolated double apply, and audit snapshot.	Accepted; first apply changes 583 files, second changes zero, audit has zero failures, and all frozen non-renamed Omarchy actions match.
2026-08-27T13:20:02+02:00	phase-3-files	Use descriptor-walked target paths, random staging, fsync, process locking, private state, and one-time skipped-feature migration.	File-boundary and executor failure-before-write tests.	Accepted for user-owned files; package, AUR, Git staging, and exact unit rollback remain in later provider phases.
2026-08-28T07:20:14+02:00	phase-4-packages	Bind stable requirements to platform repositories or exact AUR commits and re-resolve repository transactions before apply.	Platform package catalogs, strict plan records, stale database and lock preflight, and transaction drift tests.	Accepted; 38 Omarchy and 39 Cachy bindings load with no unknown or duplicate owners.
2026-08-28T07:20:15+02:00	phase-4-aur	Review every tracked AUR recipe file, build as the target user with a scrubbed environment, and install only the resulting local package through sudo.	Pinned AUR commits, recipe snapshots, per-package approval, base-devel provisioning, and exact-version audit.	Accepted in automated tests; no package build was applied to the active machine.
2026-08-28T07:20:16+02:00	phase-5-cachy	Preserve the CachyOS-owned Hyprland root and add native hl Lua, UWSM environment, managed fragments, workspaces, bindings, and session units.	Cachy contract detection, Lua parsing, seeded-root fragment test, and isolated apply twice.	Accepted for static and isolated coverage; a real CachyOS graphical-session test remains external.
2026-08-28T07:20:17+02:00	phase-8-services	Use native OpenSSH actions and a separate UFW choice; attach rclone mounts to the graphical session through a path-validating helper.	SSH plan tests, exact system-unit allowlist, rclone service checks, and helper path review.	Accepted; active SSH, firewall, and mounts were not changed.
2026-08-28T07:20:18+02:00	release-gate	Document the parallel platform contract and run the required repository gate.	README, AGENTS.md, scripts/verify-bootstrap.sh.	52 Python tests, schema parity, isolated idempotence, 9 Todoist tests, 7 QML tests, rclone checks, Lua checks, and T3 Code checks pass.
